Title,Price,Link,Image,Availability,ID
Tapis Souris antidérapante Havit MP839,"8,000 TND",https://www.scoopgaming.com.tn/13849-tapis-souris-antiderapante-havit-mp839.html,https://www.scoopgaming.com.tn/20281-home_default/tapis-souris-antiderapante-havit-mp839.jpg,Hors stock,"REF: HV-MP839     8,000 TND"
Tapis de Souris AQIRYS SINGULARITY Mini,"21,000 TND",https://www.scoopgaming.com.tn/13537-tapis-de-souris-aqirys-singularity-mini.html,https://www.scoopgaming.com.tn/18653-home_default/tapis-de-souris-aqirys-singularity-mini.jpg,Disponible,"REF: TAPIS SING M     21,000 TND"
Tapis Gamer AQIRYS Kraken MINI,"22,000 TND",https://www.scoopgaming.com.tn/14079-tapis-gamer-aqirys-kraken-mini.html,https://www.scoopgaming.com.tn/22163-home_default/tapis-gamer-aqirys-kraken-mini.jpg,Disponible,"REF: TAPIS KRAKEN M     22,000 TND"
Tapis de Souris Gamer antidérapant Sandberg - Noir,"29,000 TND",https://www.scoopgaming.com.tn/14112-tapis-de-souris-gamer-antiderapant-sandberg-noir.html,https://www.scoopgaming.com.tn/22425-home_default/tapis-de-souris-gamer-antiderapant-sandberg-noir.jpg,Disponible,"REF: 520-32     29,000 TND"
Tapis Gamer AQIRYS Kraken Medium,"29,000 TND",https://www.scoopgaming.com.tn/14080-tapis-gamer-aqirys-kraken-medium.html,https://www.scoopgaming.com.tn/22169-home_default/tapis-gamer-aqirys-kraken-medium.jpg,Disponible,"REF: TAPIS KRAKEN MD     29,000 TND"
Tapis Gamer Advance GTA MEDIUM,"30,000 TND",https://www.scoopgaming.com.tn/13789-tapis-gamer-advance-gta-medium.html,https://www.scoopgaming.com.tn/19975-home_default/tapis-gamer-advance-gta-medium.jpg,Disponible,"REF: GTA-PADM     30,000 TND"
Tapis de Souris Gamer Spirit of Gamer Darkskull - M,"30,000 TND",https://www.scoopgaming.com.tn/14049-tapis-de-souris-gamer-spirit-of-gamer-darkskull-m.html,https://www.scoopgaming.com.tn/21910-home_default/tapis-de-souris-gamer-spirit-of-gamer-darkskull-m.jpg,Disponible,"REF: SOG-PAD02M     30,000 TND"
Tapis de Souris AQIRYS SINGULARITY Medium,"32,000 TND",https://www.scoopgaming.com.tn/13411-tapis-de-souris-aqirys-singularity-medium.html,https://www.scoopgaming.com.tn/17809-home_default/tapis-de-souris-aqirys-singularity-medium.jpg,Disponible,"REF: TAPIS SINGULARITY MD     32,000 TND"
Tapis de Souris AQIRYS PARSEC - Taille Medium,"33,000 TND",https://www.scoopgaming.com.tn/14004-tapis-de-souris-aqirys-parsec-taille-medium.html,https://www.scoopgaming.com.tn/21531-home_default/tapis-de-souris-aqirys-parsec-taille-medium.jpg,Disponible,"REF: TAPIS PARSEC MD     33,000 TND"
Tapis de Souris AQIRYS GRAVITY Medium,"33,000 TND",https://www.scoopgaming.com.tn/13696-tapis-de-souris-aqirys-gravity-medium.html,https://www.scoopgaming.com.tn/19531-home_default/tapis-de-souris-aqirys-gravity-medium.jpg,Disponible,"REF: TAPIS GRAVITY MED     33,000 TND"
Tapis de Souris Gamer AQIRYS GRAVITY Medium White,"33,000 TND",https://www.scoopgaming.com.tn/13690-tapis-de-souris-gamer-aqirys-gravity-medium-white.html,https://www.scoopgaming.com.tn/19508-home_default/tapis-de-souris-gamer-aqirys-gravity-medium-white.jpg,Disponible,"REF: TAPIS GRAVITY WH-MED     33,000 TND"
Tapis de Souris AQIRYS WEBB - Taille Medium,"34,000 TND",https://www.scoopgaming.com.tn/13419-tapis-de-souris-aqirys-webb-taille-medium.html,https://www.scoopgaming.com.tn/17860-home_default/tapis-de-souris-aqirys-webb-taille-medium.jpg,Disponible,"REF: TAPIS WEBB MD     34,000 TND"
Tapis de souris Gaming HP Pavilion 300,"37,000 TND",https://www.scoopgaming.com.tn/13359-tapis-de-souris-gaming-hp-pavilion-300.html,https://www.scoopgaming.com.tn/17458-home_default/tapis-de-souris-gaming-hp-pavilion-300.jpg,Disponible,"REF: 4PZ84AA     37,000 TND"
Tapis de Souris Gamer AQIRYS GRAVITY EXTRA LARGE,"52,000 TND",https://www.scoopgaming.com.tn/13689-tapis-de-souris-gamer-aqirys-gravity-extra-large.html,https://www.scoopgaming.com.tn/21554-home_default/tapis-de-souris-gamer-aqirys-gravity-extra-large.jpg,Disponible,"REF: TAPIS GRAVITY XL     52,000 TND"
Tapis de Souris AQIRYS PARSEC - Taille Large,"46,000 TND",https://www.scoopgaming.com.tn/14005-tapis-de-souris-aqirys-parsec-taille-large.html,https://www.scoopgaming.com.tn/21543-home_default/tapis-de-souris-aqirys-parsec-taille-large.jpg,Hors stock,"REF: TAPIS PARSEC XL     46,000 TND"
Tapis de Souris AQIRYS GRAVITY EXTRA LARGE XL - White,"50,000 TND",https://www.scoopgaming.com.tn/13695-tapis-de-souris-aqirys-gravity-extra-large-xl-white.html,https://www.scoopgaming.com.tn/19521-home_default/tapis-de-souris-aqirys-gravity-extra-large-xl-white.jpg,Disponible,"REF: TAPIS GRAVITY XL W     50,000 TND"
Tapis de Souris AQIRYS SINGULARITY Extra Large,"50,000 TND",https://www.scoopgaming.com.tn/13413-tapis-de-souris-aqirys-singularity-extra-large.html,https://www.scoopgaming.com.tn/17825-home_default/tapis-de-souris-aqirys-singularity-extra-large.jpg,Hors stock,"REF: TAPIS SINGULAR-XL     50,000 TND"
Pack souris + Tapis Gaming Spirit of Gamer Elite M10,"52,000 TND",https://www.scoopgaming.com.tn/13385-pack-souris-tapis-gaming-spirit-of-gamer-elite-m10.html,https://www.scoopgaming.com.tn/17609-home_default/pack-souris-tapis-gaming-spirit-of-gamer-elite-m10.jpg,Disponible,"REF: S-EM10     52,000 TND"
Tapis Souris Gaming SPIRIT OF GAMER DARKSULL XXL,"61,001 TND",https://www.scoopgaming.com.tn/13133-tapis-souris-gaming-spirit-of-gamer-darksull-xxl.html,https://www.scoopgaming.com.tn/16325-home_default/tapis-souris-gaming-spirit-of-gamer-darksull-xxl.jpg,Disponible,"REF: SOG-PAD02X     61,001 TND"
"Pack Gaming Spirit of gamer PRO-MK5, clavier, souris et tapis","89,000 TND",https://www.scoopgaming.com.tn/12540-pack-gaming-spirit-of-gamer-pro-mk5-clavier-souris-et-tapis.html,https://www.scoopgaming.com.tn/13582-home_default/pack-gaming-spirit-of-gamer-pro-mk5-clavier-souris-et-tapis.jpg,Disponible,"REF: CLS-PMK5     89,000 TND"
Tapis de Souris Gamer AQIRYS ECLIPSE Extra-large RGB,"88,001 TND",https://www.scoopgaming.com.tn/13418-tapis-de-souris-gamer-aqirys-eclipse-extra-large-rgb.html,https://www.scoopgaming.com.tn/17852-home_default/tapis-de-souris-gamer-aqirys-eclipse-extra-large-rgb.jpg,Hors stock,"REF: TAPIS ECLIPSE XL     88,001 TND"
TAPIS RGB KONIX DRAKKAR XL HETLAND,"90,000 TND",https://www.scoopgaming.com.tn/12262-tapis-rgb-konix-drakkar-xl-hetland.html,https://www.scoopgaming.com.tn/12173-home_default/tapis-rgb-konix-drakkar-xl-hetland.jpg,Disponible,"REF: 61881110882     90,000 TND"
Tapis de Souris AQIRYS GRUIS 3XL - Large,"98,000 TND",https://www.scoopgaming.com.tn/14119-tapis-de-souris-aqirys-gruis-3xl-large.html,https://www.scoopgaming.com.tn/22544-home_default/tapis-de-souris-aqirys-gruis-3xl-large.jpg,Disponible,"REF: TAPIS GRUIS 3XL     98,000 TND"
Tapis de Souris Gaming MSI Agility GD70,"99,000 TND",https://www.scoopgaming.com.tn/11392-tapis-de-souris-gaming-msi-agility-gd70.html,https://www.scoopgaming.com.tn/13520-home_default/tapis-de-souris-gaming-msi-agility-gd70.jpg,Hors stock,"REF: J02-VXXXXX1-EB9     99,000 TND"
Tapis Gamer AQIRYS Nebula Drift 3 XL,"101,000 TND",https://www.scoopgaming.com.tn/14081-tapis-gamer-aqirys-nebula-drift-3-xl.html,https://www.scoopgaming.com.tn/22177-home_default/tapis-gamer-aqirys-nebula-drift-3-xl.jpg,Disponible,"REF: TAPIS NEBULA 3XL     101,000 TND"
Tapis Souris Gamer SPIRIT OF GAMER DARKSULL XXL RGB,"102,000 TND",https://www.scoopgaming.com.tn/13904-tapis-souris-gamer-spirit-of-gamer-darksull-xxl-rgb.html,https://www.scoopgaming.com.tn/20647-home_default/tapis-souris-gamer-spirit-of-gamer-darksull-xxl-rgb.jpg,Disponible,"REF: SOG-PADXXR     102,000 TND"
PACK Gamer CLAVIER+SOURIS+TAPIS SOG ULTIMATE 3-1 RGB,"113,000 TND",https://www.scoopgaming.com.tn/12741-pack-gamer-claviersouristapis-sog-ultimate-3-1-rgb.html,https://www.scoopgaming.com.tn/14622-home_default/pack-gamer-claviersouristapis-sog-ultimate-3-1-rgb.jpg,Disponible,"REF: CLS-MK500     113,000 TND"
Tapis souris Gamer SOG DARKSULL XXXL RGB Avec Hub USB 4 ports,"116,000 TND",https://www.scoopgaming.com.tn/13491-tapis-souris-gamer-sog-darksull-xxxl-rgb-avec-hub-usb-4-ports.html,https://www.scoopgaming.com.tn/18404-home_default/tapis-souris-gamer-sog-darksull-xxxl-rgb-avec-hub-usb-4-ports.jpg,Disponible,"REF: SOG-PADHXX RGB     116,000 TND"
